<?xml version="1.0" encoding="UTF-8"?>
<!-- (C) Copyright EFRAG - https://efrag.org/ -->
<link:linkbase xmlns:xsi="http://www.w3.org/2001/XMLSchema-instance" xsi:schemaLocation="http://www.xbrl.org/2006/ref http://www.xbrl.org/2006/ref-2006-02-27.xsd https://xbrl.efrag.org/taxonomy/waste/2023-12-06/waste waste.xsd http://www.xbrl.org/2003/linkbase http://www.xbrl.org/2003/xbrl-linkbase-2003-12-31.xsd" xmlns:waste="https://xbrl.efrag.org/taxonomy/waste/2023-12-06/waste" xmlns:link="http://www.xbrl.org/2003/linkbase" xmlns:ref="http://www.xbrl.org/2006/ref" xmlns:xlink="http://www.w3.org/1999/xlink" xmlns:xbrli="http://www.xbrl.org/2003/instance">
  <link:referenceLink xlink:type="extended" xlink:role="http://www.xbrl.org/2003/role/link">
    <link:loc xlink:type="locator" xlink:href="waste.xsd#waste_WasteCategoriesMember" xlink:label="loc_waste_W-WasteCategoriesMember"/>
    <link:reference xlink:type="resource" xlink:label="ref_waste_W-WasteCategoriesMember" xlink:role="http://www.xbrl.org/2003/role/reference">
      <ref:Name>Commission Decision of 3 May 2000 replacing Decision 94/3/EC establishing a list of wastes pursuant to Article 1(a) of Council Directive 75/442/EEC on waste and Council Decision 94/904/EC establishing a list of hazardous waste pursuant to Article 1(4) of Council Directive 91/689/EEC on hazardous waste (notified under document number C(2000) 1147) (Text with EEA relevance) (2000/532/EC)Text with EEA relevance</ref:Name>
      <ref:Section>ANNEX</ref:Section>
      <ref:URI>https://eur-lex.europa.eu/legal-content/EN/TXT/?uri=CELEX%3A02000D0532-20231206</ref:URI>
    </link:reference>
    <link:referenceArc xlink:type="arc" xlink:arcrole="http://www.xbrl.org/2003/arcrole/concept-reference" xlink:from="loc_waste_W-WasteCategoriesMember" xlink:to="ref_waste_W-WasteCategoriesMember" xlink:title="reference: loc_waste_W-WasteCategoriesMember to ref_waste_W-WasteCategoriesMember"/>
  </link:referenceLink>
</link:linkbase>
