<?xml version="1.0" encoding="UTF-8"?>
<!-- (C) Copyright EFRAG - https://efrag.org/ -->
<link:linkbase xmlns:xsi="http://www.w3.org/2001/XMLSchema-instance" xsi:schemaLocation="http://www.xbrl.org/2003/linkbase http://www.xbrl.org/2003/xbrl-linkbase-2003-12-31.xsd" xmlns:link="http://www.xbrl.org/2003/linkbase" xmlns:xlink="http://www.w3.org/1999/xlink" xmlns:xbrli="http://www.xbrl.org/2003/instance">
  <link:roleRef roleURI="https://xbrl.efrag.org/taxonomy/vsme/2024-12-17/role-b03200" xlink:type="simple" xlink:href="vsme-all.xsd#role-b03200"/>
  <link:roleRef roleURI="https://xbrl.efrag.org/taxonomy/vsme/2024-12-17/role-c03100" xlink:type="simple" xlink:href="vsme-all.xsd#role-c03100"/>
  <link:roleRef roleURI="https://xbrl.efrag.org/taxonomy/vsme/2024-12-17/role-b03300" xlink:type="simple" xlink:href="vsme-all.xsd#role-b03300"/>
  <link:roleRef roleURI="https://xbrl.efrag.org/taxonomy/vsme/2024-12-17/role-b07100" xlink:type="simple" xlink:href="vsme-all.xsd#role-b07100"/>
  <link:roleRef roleURI="https://xbrl.efrag.org/taxonomy/vsme/2024-12-17/role-b07200" xlink:type="simple" xlink:href="vsme-all.xsd#role-b07200"/>
  <link:roleRef roleURI="https://xbrl.efrag.org/taxonomy/vsme/2024-12-17/role-b08000" xlink:type="simple" xlink:href="vsme-all.xsd#role-b08000"/>
  <link:roleRef roleURI="https://xbrl.efrag.org/taxonomy/vsme/2024-12-17/role-b08100" xlink:type="simple" xlink:href="vsme-all.xsd#role-b08100"/>
  <link:roleRef roleURI="https://xbrl.efrag.org/taxonomy/vsme/2024-12-17/role-b08200" xlink:type="simple" xlink:href="vsme-all.xsd#role-b08200"/>
  <link:roleRef roleURI="https://xbrl.efrag.org/taxonomy/vsme/2024-12-17/role-c08000" xlink:type="simple" xlink:href="vsme-all.xsd#role-c08000"/>
  <link:arcroleRef arcroleURI="https://xbrl.org/2023/arcrole/summation-item" xlink:type="simple" xlink:href="https://www.xbrl.org/2023/calculation-1.1.xsd#summation-item"/>
  <link:calculationLink xlink:type="extended" xlink:role="https://xbrl.efrag.org/taxonomy/vsme/2024-12-17/role-b03200">
    <link:loc xlink:type="locator" xlink:href="vsme-all.xsd#vsme_TotalGrossLocationBasedGHGEmissions" xlink:label="TotalGrossLocationBasedGHGEmissions"/>
    <link:loc xlink:type="locator" xlink:href="vsme-all.xsd#vsme_TotalGrossLocationBasedScope1AndScope2GHGEmissions" xlink:label="TotalGrossLocationBasedScope1AndScope2GHGEmissions"/>
    <link:calculationArc xlink:type="arc" xlink:arcrole="https://xbrl.org/2023/arcrole/summation-item" xlink:from="TotalGrossLocationBasedGHGEmissions" xlink:to="TotalGrossLocationBasedScope1AndScope2GHGEmissions" xlink:title="calculation: TotalGrossLocationBasedGHGEmissions to TotalGrossLocationBasedScope1AndScope2GHGEmissions" order="1.0" weight="1.0"/>
    <link:loc xlink:type="locator" xlink:href="vsme-all.xsd#vsme_GrossLocationBasedScope2GreenhouseGasEmissions" xlink:label="GrossLocationBasedScope2GreenshouseGasEmissions"/>
    <link:calculationArc xlink:type="arc" xlink:arcrole="https://xbrl.org/2023/arcrole/summation-item" xlink:from="TotalGrossLocationBasedScope1AndScope2GHGEmissions" xlink:to="GrossLocationBasedScope2GreenshouseGasEmissions" xlink:title="calculation: TotalGrossLocationBasedScope1AndScope2GHGEmissions to GrossLocationBasedScope2GreenshouseGasEmissions" order="2.0" weight="1.0"/>
    <link:loc xlink:type="locator" xlink:href="vsme-all.xsd#vsme_GrossScope1GreenhouseGasEmissions" xlink:label="GrossScope1GreenshouseGasEmissions"/>
    <link:calculationArc xlink:type="arc" xlink:arcrole="https://xbrl.org/2023/arcrole/summation-item" xlink:from="TotalGrossLocationBasedScope1AndScope2GHGEmissions" xlink:to="GrossScope1GreenshouseGasEmissions" xlink:title="calculation: TotalGrossLocationBasedScope1AndScope2GHGEmissions to GrossScope1GreenshouseGasEmissions" order="1.0" weight="1.0"/>
    <link:loc xlink:type="locator" xlink:href="vsme-all.xsd#vsme_GrossScope3GreenhouseGasEmissions" xlink:label="GrossScope3GreenshouseGasEmissions"/>
    <link:calculationArc xlink:type="arc" xlink:arcrole="https://xbrl.org/2023/arcrole/summation-item" xlink:from="TotalGrossLocationBasedGHGEmissions" xlink:to="GrossScope3GreenshouseGasEmissions" xlink:title="calculation: TotalGrossLocationBasedGHGEmissions to GrossScope3GreenshouseGasEmissions" order="2.0" weight="1.0"/>
    <link:loc xlink:type="locator" xlink:href="vsme-all.xsd#vsme_TotalGrossMarketBasedGHGEmissions" xlink:label="TotalGrossMarketBasedGHGEmissions"/>
    <link:loc xlink:type="locator" xlink:href="vsme-all.xsd#vsme_TotalGrossMarketBasedScope1AndScope2GHGEmissions" xlink:label="TotalGrossMarketBasedScope1AndScope2GHGEmissions"/>
    <link:calculationArc xlink:type="arc" xlink:arcrole="https://xbrl.org/2023/arcrole/summation-item" xlink:from="TotalGrossMarketBasedGHGEmissions" xlink:to="TotalGrossMarketBasedScope1AndScope2GHGEmissions" xlink:title="calculation: TotalGrossMarketBasedGHGEmissions to TotalGrossMarketBasedScope1AndScope2GHGEmissions" order="1.0" weight="1.0"/>
    <link:loc xlink:type="locator" xlink:href="vsme-all.xsd#vsme_GrossMarketBasedScope2GreenhouseGasEmissions" xlink:label="GrossMarketBasedScope2GreenshouseGasEmissions"/>
    <link:calculationArc xlink:type="arc" xlink:arcrole="https://xbrl.org/2023/arcrole/summation-item" xlink:from="TotalGrossMarketBasedScope1AndScope2GHGEmissions" xlink:to="GrossMarketBasedScope2GreenshouseGasEmissions" xlink:title="calculation: TotalGrossMarketBasedScope1AndScope2GHGEmissions to GrossMarketBasedScope2GreenshouseGasEmissions" order="1.0" weight="1.0"/>
    <link:calculationArc xlink:type="arc" xlink:arcrole="https://xbrl.org/2023/arcrole/summation-item" xlink:from="TotalGrossMarketBasedScope1AndScope2GHGEmissions" xlink:to="GrossScope1GreenshouseGasEmissions" xlink:title="calculation: TotalGrossMarketBasedScope1AndScope2GHGEmissions to GrossScope1GreenshouseGasEmissions" order="2.0" weight="1.0"/>
    <link:calculationArc xlink:type="arc" xlink:arcrole="https://xbrl.org/2023/arcrole/summation-item" xlink:from="TotalGrossMarketBasedGHGEmissions" xlink:to="GrossScope3GreenshouseGasEmissions" xlink:title="calculation: TotalGrossMarketBasedGHGEmissions to GrossScope3GreenshouseGasEmissions" order="2.0" weight="1.0"/>
  </link:calculationLink>
  <link:calculationLink xlink:type="extended" xlink:role="https://xbrl.efrag.org/taxonomy/vsme/2024-12-17/role-c03100">
    <link:loc xlink:type="locator" xlink:href="vsme-all.xsd#vsme_TotalGrossLocationBasedGHGEmissions" xlink:label="TotalGrossLocationBasedGHGEmissions"/>
    <link:loc xlink:type="locator" xlink:href="vsme-all.xsd#vsme_GrossScope3GreenhouseGasEmissions" xlink:label="GrossScope3GreenshouseGasEmissions"/>
    <link:calculationArc xlink:type="arc" xlink:arcrole="https://xbrl.org/2023/arcrole/summation-item" xlink:from="TotalGrossLocationBasedGHGEmissions" xlink:to="GrossScope3GreenshouseGasEmissions" xlink:title="calculation: TotalGrossLocationBasedGHGEmissions to GrossScope3GreenshouseGasEmissions" order="3.0" weight="1.0"/>
    <link:loc xlink:type="locator" xlink:href="vsme-all.xsd#vsme_GrossLocationBasedScope2GreenhouseGasEmissions" xlink:label="GrossLocationBasedScope2GreenshouseGasEmissions"/>
    <link:calculationArc xlink:type="arc" xlink:arcrole="https://xbrl.org/2023/arcrole/summation-item" xlink:from="TotalGrossLocationBasedGHGEmissions" xlink:to="GrossLocationBasedScope2GreenshouseGasEmissions" xlink:title="calculation: TotalGrossLocationBasedGHGEmissions to GrossLocationBasedScope2GreenshouseGasEmissions" order="2.0" weight="1.0"/>
    <link:loc xlink:type="locator" xlink:href="vsme-all.xsd#vsme_GrossScope1GreenhouseGasEmissions" xlink:label="GrossScope1GreenshouseGasEmissions"/>
    <link:calculationArc xlink:type="arc" xlink:arcrole="https://xbrl.org/2023/arcrole/summation-item" xlink:from="TotalGrossLocationBasedGHGEmissions" xlink:to="GrossScope1GreenshouseGasEmissions" xlink:title="calculation: TotalGrossLocationBasedGHGEmissions to GrossScope1GreenshouseGasEmissions" order="1.0" weight="1.0"/>
    <link:loc xlink:type="locator" xlink:href="vsme-all.xsd#vsme_TotalGrossMarketBasedGHGEmissions" xlink:label="TotalGrossMarketBasedGHGEmissions"/>
    <link:calculationArc xlink:type="arc" xlink:arcrole="https://xbrl.org/2023/arcrole/summation-item" xlink:from="TotalGrossMarketBasedGHGEmissions" xlink:to="GrossScope3GreenshouseGasEmissions" xlink:title="calculation: TotalGrossMarketBasedGHGEmissions to GrossScope3GreenshouseGasEmissions" order="3.0" weight="1.0"/>
    <link:loc xlink:type="locator" xlink:href="vsme-all.xsd#vsme_GrossMarketBasedScope2GreenhouseGasEmissions" xlink:label="GrossMarketBasedScope2GreenshouseGasEmissions"/>
    <link:calculationArc xlink:type="arc" xlink:arcrole="https://xbrl.org/2023/arcrole/summation-item" xlink:from="TotalGrossMarketBasedGHGEmissions" xlink:to="GrossMarketBasedScope2GreenshouseGasEmissions" xlink:title="calculation: TotalGrossMarketBasedGHGEmissions to GrossMarketBasedScope2GreenshouseGasEmissions" order="2.0" weight="1.0"/>
    <link:calculationArc xlink:type="arc" xlink:arcrole="https://xbrl.org/2023/arcrole/summation-item" xlink:from="TotalGrossMarketBasedGHGEmissions" xlink:to="GrossScope1GreenshouseGasEmissions" xlink:title="calculation: TotalGrossMarketBasedGHGEmissions to GrossScope1GreenshouseGasEmissions" order="1.0" weight="1.0"/>
  </link:calculationLink>
  <link:calculationLink xlink:type="extended" xlink:role="https://xbrl.efrag.org/taxonomy/vsme/2024-12-17/role-b07100">
    <link:loc xlink:type="locator" xlink:href="vsme-all.xsd#vsme_TotalWasteRecycledReusedAndDirectedToDisposalVolume" xlink:label="TotalWasteRecycledReusedAndDirectedToDisposalVolume"/>
    <link:loc xlink:type="locator" xlink:href="vsme-all.xsd#vsme_WasteDirectedToDisposalVolume" xlink:label="WasteDirectedToDisposalVolume"/>
    <link:calculationArc xlink:type="arc" xlink:arcrole="https://xbrl.org/2023/arcrole/summation-item" xlink:from="TotalWasteRecycledReusedAndDirectedToDisposalVolume" xlink:to="WasteDirectedToDisposalVolume" xlink:title="calculation: TotalWasteRecycledReusedAndDirectedToDisposalVolume to WasteDirectedToDisposalVolume" order="1.0" weight="1.0"/>
    <link:loc xlink:type="locator" xlink:href="vsme-all.xsd#vsme_WasteDivertedToRecycleOrReuseVolume" xlink:label="WasteDivertedToRecycleOrReuseVolume"/>
    <link:calculationArc xlink:type="arc" xlink:arcrole="https://xbrl.org/2023/arcrole/summation-item" xlink:from="TotalWasteRecycledReusedAndDirectedToDisposalVolume" xlink:to="WasteDivertedToRecycleOrReuseVolume" xlink:title="calculation: TotalWasteRecycledReusedAndDirectedToDisposalVolume to WasteDivertedToRecycleOrReuseVolume" order="2.0" weight="1.0"/>
    <link:loc xlink:type="locator" xlink:href="vsme-all.xsd#vsme_TotalWasteRecycledReusedAndDirectedToDisposalMass" xlink:label="TotalWasteRecycledReusedAndDirectedToDisposalMass"/>
    <link:loc xlink:type="locator" xlink:href="vsme-all.xsd#vsme_WasteDirectedToDisposalMass" xlink:label="WasteDirectedToDisposalMass"/>
    <link:calculationArc xlink:type="arc" xlink:arcrole="https://xbrl.org/2023/arcrole/summation-item" xlink:from="TotalWasteRecycledReusedAndDirectedToDisposalMass" xlink:to="WasteDirectedToDisposalMass" xlink:title="calculation: TotalWasteRecycledReusedAndDirectedToDisposalMass to WasteDirectedToDisposalMass" order="1.0" weight="1.0"/>
    <link:loc xlink:type="locator" xlink:href="vsme-all.xsd#vsme_WasteDivertedToRecycleOrReuseMass" xlink:label="WasteDivertedToRecycleOrReuseMass"/>
    <link:calculationArc xlink:type="arc" xlink:arcrole="https://xbrl.org/2023/arcrole/summation-item" xlink:from="TotalWasteRecycledReusedAndDirectedToDisposalMass" xlink:to="WasteDivertedToRecycleOrReuseMass" xlink:title="calculation: TotalWasteRecycledReusedAndDirectedToDisposalMass to WasteDivertedToRecycleOrReuseMass" order="2.0" weight="1.0"/>
  </link:calculationLink>
  <link:calculationLink xlink:type="extended" xlink:role="https://xbrl.efrag.org/taxonomy/vsme/2024-12-17/role-b07200">
    <link:loc xlink:type="locator" xlink:href="vsme-all.xsd#vsme_TotalWasteGeneratedMass" xlink:label="TotalWasteGeneratedMass"/>
    <link:loc xlink:type="locator" xlink:href="vsme-all.xsd#vsme_TotalHazardousWasteGeneratedMass" xlink:label="TotalHazardousWasteGeneratedMass"/>
    <link:calculationArc xlink:type="arc" xlink:arcrole="https://xbrl.org/2023/arcrole/summation-item" xlink:from="TotalWasteGeneratedMass" xlink:to="TotalHazardousWasteGeneratedMass" xlink:title="calculation: TotalWasteGeneratedMass to TotalHazardousWasteGeneratedMass" order="1.0" weight="1.0"/>
    <link:loc xlink:type="locator" xlink:href="vsme-all.xsd#vsme_TotalNonHazardousWasteGeneratedMass" xlink:label="TotalNonHazardousWasteGeneratedMass"/>
    <link:calculationArc xlink:type="arc" xlink:arcrole="https://xbrl.org/2023/arcrole/summation-item" xlink:from="TotalWasteGeneratedMass" xlink:to="TotalNonHazardousWasteGeneratedMass" xlink:title="calculation: TotalWasteGeneratedMass to TotalNonHazardousWasteGeneratedMass" order="2.0" weight="1.0"/>
    <link:loc xlink:type="locator" xlink:href="vsme-all.xsd#vsme_TotalWasteGeneratedVolume" xlink:label="TotalWasteGeneratedVolume"/>
    <link:loc xlink:type="locator" xlink:href="vsme-all.xsd#vsme_TotalHazardousWasteGeneratedVolume" xlink:label="TotalHazardousWasteGeneratedVolume"/>
    <link:calculationArc xlink:type="arc" xlink:arcrole="https://xbrl.org/2023/arcrole/summation-item" xlink:from="TotalWasteGeneratedVolume" xlink:to="TotalHazardousWasteGeneratedVolume" xlink:title="calculation: TotalWasteGeneratedVolume to TotalHazardousWasteGeneratedVolume" order="1.0" weight="1.0"/>
    <link:loc xlink:type="locator" xlink:href="vsme-all.xsd#vsme_TotalNonHazardousWasteGeneratedVolume" xlink:label="TotalNonHazardousWasteGeneratedVolume"/>
    <link:calculationArc xlink:type="arc" xlink:arcrole="https://xbrl.org/2023/arcrole/summation-item" xlink:from="TotalWasteGeneratedVolume" xlink:to="TotalNonHazardousWasteGeneratedVolume" xlink:title="calculation: TotalWasteGeneratedVolume to TotalNonHazardousWasteGeneratedVolume" order="2.0" weight="1.0"/>
  </link:calculationLink>
  <link:calculationLink xlink:type="extended" xlink:role="https://xbrl.efrag.org/taxonomy/vsme/2024-12-17/role-b08000">
    <link:loc xlink:type="locator" xlink:href="vsme-all.xsd#vsme_NumberOfEmployees" xlink:label="NumberOfEmployees"/>
    <link:loc xlink:type="locator" xlink:href="vsme-all.xsd#vsme_NumberOfPermanentContactEmployees" xlink:label="NumberOfPermanentContactEmployees"/>
    <link:calculationArc xlink:type="arc" xlink:arcrole="https://xbrl.org/2023/arcrole/summation-item" xlink:from="NumberOfEmployees" xlink:to="NumberOfPermanentContactEmployees" xlink:title="calculation: NumberOfEmployees to NumberOfPermanentContactEmployees" order="1.0" weight="1.0"/>
    <link:loc xlink:type="locator" xlink:href="vsme-all.xsd#vsme_NumberOfTemporaryContractEmployees" xlink:label="NumberOfTemporaryContractEmployees"/>
    <link:calculationArc xlink:type="arc" xlink:arcrole="https://xbrl.org/2023/arcrole/summation-item" xlink:from="NumberOfEmployees" xlink:to="NumberOfTemporaryContractEmployees" xlink:title="calculation: NumberOfEmployees to NumberOfTemporaryContractEmployees" order="2.0" weight="1.0"/>
  </link:calculationLink>
  <link:calculationLink xlink:type="extended" xlink:role="https://xbrl.efrag.org/taxonomy/vsme/2024-12-17/role-b08100">
    <link:loc xlink:type="locator" xlink:href="vsme-all.xsd#vsme_NumberOfEmployees" xlink:label="NumberOfEmployees"/>
    <link:loc xlink:type="locator" xlink:href="vsme-all.xsd#vsme_NumberOfMaleEmployees" xlink:label="NumberOfMaleEmployees"/>
    <link:calculationArc xlink:type="arc" xlink:arcrole="https://xbrl.org/2023/arcrole/summation-item" xlink:from="NumberOfEmployees" xlink:to="NumberOfMaleEmployees" xlink:title="calculation: NumberOfEmployees to NumberOfMaleEmployees" order="1.0" weight="1.0"/>
    <link:loc xlink:type="locator" xlink:href="vsme-all.xsd#vsme_NumberOfFemaleEmployees" xlink:label="NumberOfFemaleEmployees"/>
    <link:calculationArc xlink:type="arc" xlink:arcrole="https://xbrl.org/2023/arcrole/summation-item" xlink:from="NumberOfEmployees" xlink:to="NumberOfFemaleEmployees" xlink:title="calculation: NumberOfEmployees to NumberOfFemaleEmployees" order="2.0" weight="1.0"/>
    <link:loc xlink:type="locator" xlink:href="vsme-all.xsd#vsme_NumberOfOtherGenderEmployees" xlink:label="NumberOfOtherGenderEmployees"/>
    <link:calculationArc xlink:type="arc" xlink:arcrole="https://xbrl.org/2023/arcrole/summation-item" xlink:from="NumberOfEmployees" xlink:to="NumberOfOtherGenderEmployees" xlink:title="calculation: NumberOfEmployees to NumberOfOtherGenderEmployees" order="3.0" weight="1.0"/>
    <link:loc xlink:type="locator" xlink:href="vsme-all.xsd#vsme_NumberOfNonReportedGenderEmployees" xlink:label="NumberOfNonReportedGenderEmployees"/>
    <link:calculationArc xlink:type="arc" xlink:arcrole="https://xbrl.org/2023/arcrole/summation-item" xlink:from="NumberOfEmployees" xlink:to="NumberOfNonReportedGenderEmployees" xlink:title="calculation: NumberOfEmployees to NumberOfNonReportedGenderEmployees" order="4.0" weight="1.0"/>
  </link:calculationLink>
  <link:calculationLink xlink:type="extended" xlink:role="https://xbrl.efrag.org/taxonomy/vsme/2024-12-17/role-c08000">
    <link:loc xlink:type="locator" xlink:href="vsme-all.xsd#vsme_TotalRevenuesDerivedFromFossilFuelCoalOilAndGasSector" xlink:label="TotalRevenuesDerivedFromFossilFuelCoalOilAndGasSector"/>
    <link:loc xlink:type="locator" xlink:href="vsme-all.xsd#vsme_RevenueDerivedFromCoal" xlink:label="RevenueDerivedFromCoal"/>
    <link:calculationArc xlink:type="arc" xlink:arcrole="https://xbrl.org/2023/arcrole/summation-item" xlink:from="TotalRevenuesDerivedFromFossilFuelCoalOilAndGasSector" xlink:to="RevenueDerivedFromCoal" xlink:title="calculation: TotalRevenuesDerivedFromFossilFuelCoalOilAndGasSector to RevenueDerivedFromCoal" order="1.0" weight="1.0"/>
    <link:loc xlink:type="locator" xlink:href="vsme-all.xsd#vsme_RevenueDerivedFromOil" xlink:label="RevenueDerivedFromOil"/>
    <link:calculationArc xlink:type="arc" xlink:arcrole="https://xbrl.org/2023/arcrole/summation-item" xlink:from="TotalRevenuesDerivedFromFossilFuelCoalOilAndGasSector" xlink:to="RevenueDerivedFromOil" xlink:title="calculation: TotalRevenuesDerivedFromFossilFuelCoalOilAndGasSector to RevenueDerivedFromOil" order="2.0" weight="1.0"/>
    <link:loc xlink:type="locator" xlink:href="vsme-all.xsd#vsme_RevenueDerivedFromGas" xlink:label="RevenueDerivedFromGas"/>
    <link:calculationArc xlink:type="arc" xlink:arcrole="https://xbrl.org/2023/arcrole/summation-item" xlink:from="TotalRevenuesDerivedFromFossilFuelCoalOilAndGasSector" xlink:to="RevenueDerivedFromGas" xlink:title="calculation: TotalRevenuesDerivedFromFossilFuelCoalOilAndGasSector to RevenueDerivedFromGas" order="3.0" weight="1.0"/>
  </link:calculationLink>
</link:linkbase>
