<?xml version="1.0" encoding="UTF-8"?>
<!-- (C) Copyright EFRAG - https://efrag.org/ -->
<link:linkbase xmlns:xsi="http://www.w3.org/2001/XMLSchema-instance" xsi:schemaLocation="http://www.xbrl.org/2006/ref http://www.xbrl.org/2006/ref-2006-02-27.xsd http://www.xbrl.org/2003/linkbase http://www.xbrl.org/2003/xbrl-linkbase-2003-12-31.xsd http://www.w3.org/1999/xlink http://www.xbrl.org/2003/xlink-2003-12-31.xsd https://xbrl.efrag.org/taxonomy/nace/2025-01-01 nace-codes.xsd" xmlns:nace="https://xbrl.efrag.org/taxonomy/nace/2025-01-01" xmlns:link="http://www.xbrl.org/2003/linkbase" xmlns:ref="http://www.xbrl.org/2006/ref" xmlns:xlink="http://www.w3.org/1999/xlink">
  <link:referenceLink xlink:type="extended" xlink:role="http://www.xbrl.org/2003/role/link">
    <link:loc xlink:type="locator" xlink:href="nace-codes.xsd#nace_NACE_AllEconomicActivitiesNAMember" xlink:label="NACEDomain"/>
    <link:reference xlink:type="resource" xlink:label="reference_NACEDomain_2" xlink:role="http://www.xbrl.org/2003/role/reference">
      <ref:Name>Regulation (EC) of the European Parliament and of the Council of 20 December 2006 establishing the statistical classification of economic activities NACE Revision 2 and amending Council Regulation (EEC) No 3037/90 as well as certain EC Regulations on specific statistical domains</ref:Name>
      <ref:Number>1893/2006</ref:Number>
      <ref:Section>Annex 1</ref:Section>
      <ref:URI>https://eur-lex.europa.eu/legal-content/EN/TXT/HTML/?uri=CELEX:02006R1893-20250101</ref:URI>
    </link:reference>
    <link:referenceArc xlink:type="arc" xlink:arcrole="http://www.xbrl.org/2003/arcrole/concept-reference" xlink:from="NACEDomain" xlink:to="reference_NACEDomain_2"/>
  </link:referenceLink>
</link:linkbase>
